name,rating,address,description,openclose
Capital One Café,4.3(193) · $,101 Post St,Modern coffeehouse with free WiFi,Open ⋅ Closes 6 PM
Cafe Francisco,4.4(443) · $,2161 Powell St,Mediterranean & American eats plus art,Open ⋅ Closes 3 PM
Caffe Greco,"4.5(1,191) · $$",423 Columbus Ave,Espresso drinks & Italian sweets,Open ⋅ Closes 12 AM
Saint Frank Coffee,"4.5(1,059) · $$",2340 Polk St,Bright & spacious local coffeehouse,Open ⋅ Closes 6 PM
Caffe Trieste,"4.5(1,327) · $",601 Vallejo St.,Historic spot for coffee & live music,Open ⋅ Closes 10 PM
Cafe de Casa,4.7(913) · $,2701 Leavenworth St,"Brazilian coffee, pastry & lunch shop",Open ⋅ Closes 2 PM
BeanStalk Cafe,4.5(591) · $,724 Bush St,Intimate spot for coffee & global bites,Open ⋅ Closes 2:30 PM
Beacon Coffee & Pantry,4.3(403) · $$,805 Columbus Ave,Artisanal coffee shop & specialty market,Open ⋅ Closes 2 PM
Caffe Bianco,4.6(165) · $,39 Sutter St,Classic coffee shop with sandwiches,Open ⋅ Closes 2:30 PM
Hollywood Cafe,"4.5(2,153) · $$",530 North Point St,Cinema-themed cafe,Open ⋅ Closes 2 PM
Mazarine Coffee,"4.5(1,514) · $$",720 Market St,Stylish cafe for espresso & light bites,Open ⋅ Closes 3 PM
Pat's Cafe,"4.5(1,324) · $$",2330 Taylor St,American eatery with a laid-back brunch,Open ⋅ Closes 2 PM
Caffe Capriccio,4.6(235) · $,2200 Mason St,Relaxed spot for sandwiches & salads,Open ⋅ Closes 4 PM
The Coffee Movement,4.8(732) · $,1030 Washington St,"Snug, minimalist cafe for artisan brews",Open ⋅ Closes 4 PM
Taylor Street Coffee Shop,"4.6(1,508) · $$",375 Taylor St,Cozy option for breakfast & lunch,Closes soon ⋅ 1 PM ⋅ Opens 8 AM Sat
Home Coffee Roasters,4.7(344) · $,455 Grant Ave,Open ⋅ Closes 4 PM,
Cafe La Tazita,4.3(433),470 Post St,No-frills breakfast & lunch venue,Open ⋅ Closes 2:30 PM
Fueling Station Cafe,4.6(213) · $,2436 Polk St,"Cafe for banh mi, waffles & coffee",Open ⋅ Closes 5 PM
Darren's Café,4.5(698) · $$,2731 Taylor St,Asian/American breakfast & lunch eats,Closes soon ⋅ 1:30 PM ⋅ Opens 7:30 AM Sat
Goody Cafe,4.4(76),"Landmark Building C, 2 Marina Blvd",Open ⋅ Closes 5 PM,
Caffe Central,4.3(651) · $$,133 O'Farrell St,Gourmet roasts in a cool coffee shop,Open ⋅ Closes 6 PM
Goody Cafe,4.4(76),"Landmark Building C, 2 Marina Blvd",Open ⋅ Closes 5 PM,
Cafe Isabella,4.6(190) · $,1414 Taylor St,Cozy coffee shop & breakfast spot,Open ⋅ Closes 3 PM
Cafe Franco,4.8(45),240 Funston Rd,Open ⋅ Closes 3 PM,
Fresh Brew Coffee,4.8(494) · $,882 Bush St,"Cozy, American-Vietnamese sandwich spot",Open ⋅ Closes 3 PM
Sightglass Coffee,"4.5(2,844) · $$",270 7th St,Espresso drinks & coffee roasted on-site,Open ⋅ Closes 5 PM
Le Cafe du Soleil,4.6(540) · $,400 Waller St,French bistro with sidewalk seating,Open ⋅ Closes 5 PM
Cavalli Cafe,4.5(265) · $,1441 Stockton St,Espresso bar with Italian treats & music,Open ⋅ Closes 11:30 PM
The Mill,"4.5(1,771) · $$",736 Divisadero St,Airy coffee shop with breads & pastries,Open ⋅ Closes 5 PM
Cafe Le,4.7(69),2895 Van Ness Ave,Open ⋅ Closes 2:30 PM,
Another Cafe,4.4(456) · $,1191 Pine St,Airy spot for coffee & panini sandwiches,Open ⋅ Closes 8 PM
Müesi Cafe,4.5(123),2055 Union St Suite B,Open ⋅ Closes 5:30 PM,
Honey Honey Cafe & Crepery,"4.3(3,396) · $$",599 Post St,Sweet & savory crêpe specialist,Open ⋅ Closes 3 PM
Lafayette Coffee Shop,4.2(206) · $,611 Larkin St,Open ⋅ Closes 9 PM,
Cafe Me,4.6(134) · $,500 Washington St #102,Daytime stop for coffee & sandwiches,Closed ⋅ Opens 5:30 AM Mon
Cafe Réveille,4.1(161),1998 Polk St,Open ⋅ Closes 7:30 PM,
Wrecking Ball Coffee Roasters,4.4(511) · $$,2271 Union St,House-roasted coffee blends & pastries,Open ⋅ Closes 2 PM
Biscoff Coffee Corner,4.3(729) · $$,213 Pier 39,Snug cafe with pastries & smoothies,Open ⋅ Closes 10 PM
The Crêpe Café,4.2(549) · $$,333 Jefferson St UNIT 5A,Chill spot for sweet & savory crepes,Open ⋅ Closes 9 PM
Mymy,"4.5(1,615) · $$",1500 California St,Bright corner spot for big breakfasts,Open ⋅ Closes 2 PM
Cafe Encore,4.2(141) · $$,488 Post St,Open ⋅ Closes 7 PM,
Foundation Cafe,4.4(159) · $$,335 Kearny St,Quick stop for sustainable American eats,Open ⋅ Closes 3 PM
Cozy Cafe,4.7(127) · $,965 Sutter St C,Open ⋅ Closes 2 PM,
Bluestone Lane Union Square Coffee Shop,4.2(348) · $$,685 Market St,Airy spot for coffee & all-day eats,Open ⋅ Closes 2 PM
Stable Cafe,4.6(840) · $$,2128 Folsom St,Coffeehouse in former carriage house,Open ⋅ Closes 3 PM
Il Canto Cafe,4.7(283) · $,475 Sacramento St,Mellow option with coffee & light fare,Open ⋅ Closes 4 PM
Rose's Cafe,4.4(831) · $$,2298 Union St,Relaxed Italian cafe with a terrace,Open ⋅ Closes 9 PM
Mo'z Cafe,"4.2(1,166) · $$",36 5th St,Neighborhood cafe known for breakfast,Open ⋅ Closes 2 PM
Jackson Place Café,4.6(75) · $,633 Battery St,Breakfast & lunch kiosk with a courtyard,Closed ⋅ Opens 8:30 AM Tue
Angel Cafe & Deli,4.6(231) · $,700 Geary St,Simple locale for breakfast & lunch fare,Open ⋅ Closes 2 PM
Red Bay Coffee Ferry Building,4.0(174),"1, Ferry Building, Shop 43",Open ⋅ Closes 6 PM,
Cafe International,4.5(404) · $,508 Haight St,Hybrid coffeehouse & live music hangout,Open ⋅ Closes 4:30 PM
Sextant Coffee Roasters,4.5(600) · $$,1415 Folsom St,Coffeehouse with exposed brick & beams,Open ⋅ Closes 4 PM
First Cup Café,4.4(51),2911 Van Ness Ave,Open ⋅ Closes 4 PM,
Sammy's Cafe,4.6(129) · $,1416 Bush St,Homey breakfast & sandwich establishment,Open ⋅ Closes 3 PM
NOOK,4.5(319) · $$,1500 Hyde St,Cafe/wine bar with cable car views,Open ⋅ Closes 6 PM
Bluestone Lane Theatre District Coffee Shop,4.1(107) · $$,562 Sutter St,Open ⋅ Closes 2 PM,
The Morning Fix,4.6(68) · $,1008 Bush St,"Pit stop for coffee, bagels & sandwiches",Open ⋅ Closes 2 PM
Mercury Cafe,4.3(313) · $$,201 Octavia St,Light-filled space with an organic menu,Open ⋅ Closes 3 PM
Cafe Venue Montgomery,4.2(94) · $,218 Montgomery St,Quick-serve breakfast & lunch,Open ⋅ Closes 2 PM
Sweetheart Cafe,4.2(211) · $,909 Grant Ave,Light Asian bites & sweet treats,Open ⋅ Closes 8 PM
Jane on Larkin,4.4(632) · $$,925 Larkin St,"Hip cafe with sandwiches, coffee & more",Open ⋅ Closes 4 PM
Blue Bottle Coffee,4.6(803) · $$,315 Linden St,Hip cafe for gourmet coffee & pastries,Open ⋅ Closes 7 PM
Four Barrel Coffee,"4.5(2,392) · $$",375 Valencia St,Sophisticated drip coffee drinks & more,Open ⋅ Closes 5 PM
Eight AM Brunch,"4.6(1,446) · $$",1323 Columbus Ave,"Simple, bustling breakfast & lunch nook",Closes soon ⋅ 1:30 PM ⋅ Opens 8 AM Sat
Duboce Park Cafe,4.3(869) · $$,2 Sanchez St,Coffee shop with organic eats,Open ⋅ Closes 5 PM
Cafe 5,3.9(46),151 3rd St,Open ⋅ Closes 4:30 PM,
Blue Bottle Coffee,4.3(694) · $$,"1 Ferry Building, 7",Hip cafe for gourmet coffee & pastries,Open ⋅ Closes 6:30 PM
Cafe Murano,4.3(93) · $,1777 Steiner St,Cozy coffee bar with outdoor seating,Closes soon ⋅ 1:30 PM ⋅ Opens 7:30 AM Sat
Bluestone Lane Front Street Coffee Shop,4.3(134) · $$,227 Front St,Open ⋅ Closes 3 PM,
Crepe Cafe,"4.4(1,597) · $","Pier 39 D, 3",Chill spot for sweet & savory crepes,Open ⋅ Closes 9 PM
Working Girls' Cafe,4.4(209) · $,259 Kearny St,Outpost for breakfast & lunch staples,Open ⋅ Closes 4 PM
Cafecito,4.7(112) · $,406 Ellis St,Colorful cafe for sandwiches & coffee,Open ⋅ Closes 6 PM
Iron Horse Coffee Shop,4.5(109) · $,25 Maiden Ln,"Snug, modern coffee shop",Open ⋅ Closes 2:30 PM
Viva Cafe,4.9(80),601 Montgomery St,Open ⋅ Closes 5 PM,
Cafe 450,3.4(5),450 Golden Gate Ave,,
Cafe Pacific Plaza,4.8(101) · $,1338 Franklin St,Open ⋅ Closes 3:30 PM,
Scullery,4.7(348) · $,687 Geary St,"Tiny, artsy cafe for coffee & pastries",Open ⋅ Closes 2 PM
Cafe Du Soleil,4.7(164),345 3rd St,Quaint French cafe & brunch spot,Open ⋅ Closes 3 PM
Blue Bottle Coffee,4.5(694) · $$,2 S Park St,Hip cafe for gourmet coffee & pastries,Open ⋅ Closes 5 PM
Coit Tower Cafe,3.7(9),Coit Tower,Open ⋅ Closes 6 PM,
Moka Coffee,4.0(142) · $,1605 Polk St,Local coffeehouse with pastries & WiFi,Open ⋅ Closes 3 PM
Le Petit Cafe,4.3(9) · $,1 Maritime Plz # Grnd,Counter serve for breakfast & lunch fare,Open ⋅ Closes 2 PM
901 Columbus,4.3(278) · $,901 Columbus Ave,Casual cafe with a daily happy hour,Open ⋅ Closes 8 PM
Hideaway Cafe,4.7(183),850 Jones St,Open ⋅ Closes 2 PM,
Bluestone Lane SOMA Coffee Shop,4.3(79) · $$,55 2nd St,Open ⋅ Closes 3 PM,
Brioche Bakery & Café,4.5(554) · $$,210 Columbus Ave,Casual spot for pastries & sandwiches,Open ⋅ Closes 7:30 PM
South Beach Cafe,4.2(343) · $,800 The Embarcadero,Coffee shop & pizzeria,Open ⋅ Closes 8:30 PM
Grand Coffee,4.7(159) · $,2663 Mission St,"Locally sourced coffee, tea & pastries",Open ⋅ Closes 5 PM
Schilling & Co Cafe,4.6(48) · $$,667 Commercial St,Open ⋅ Closes 2 PM,
Starbucks,3.7(769) · $$,499 Bay St,Iconic Seattle-based coffeehouse chain,Open ⋅ Closes 6 PM
Ritual Coffee Roasters,4.5(457) · $$,432b Octavia St,Coffeehouse using small-farm beans,Open ⋅ Closes 6 PM
All Star Cafe,4.1(261) · $,1500 Market St,Compact cafe for Asian fare & donuts,Open 24 hours
Balboa Cafe,4.3(600) · $$,3199 Fillmore St,Bar/American bistro with outdoor seating,Open ⋅ Closes 2 AM
SPRO - Mission Dolores Castro,4.7(251),500 Church St,Minimalist cafe brewing craft coffee,Open ⋅ Closes 5 PM
Sweet Joanna's Cafe,4.3(157) · $,101 Howard St,Modern pit stop for breakfast & lunch,Open ⋅ Closes 3:30 PM
Caffe Moda,4.2(106) · $,160 7th St,Casual spot for breakfast & lunch,Open ⋅ Closes 2 PM
Good Luck Cafe and Deli,4.6(82) · $,621 Kearny St,No-frills deli with classic sandwiches,Open ⋅ Closes 7 PM
Cafe New Honolulu,3.8(190) · $,888 Stockton St,Cash-only Chinese restaurant & bakery,Open ⋅ Closes 7:30 PM
SF Breakfast Cafe,4.9(29),901 Sutter St,Open ⋅ Closes 9 PM,
Vesuvio Cafe,"4.6(1,485) · $$",255 Columbus Ave,Legendary bar & beatnik hangout,Open ⋅ Closes 2 AM
Pinhole Coffee,4.7(482) · $$,231 Cortland Ave,Storefront coffeehouse with pastry,Open ⋅ Closes 5:30 PM
SF Breakfast Cafe,4.9(29),901 Sutter St,Open ⋅ Closes 9 PM,
Yu’s Cafe,4.5(33) · $,57 Walter U Lum Pl,Open ⋅ Closes 10:30 PM,
Mamasang Cafe,No reviews,679 Sutter St #208,,
Starbucks,4.1(442) · $$,49 Jefferson St P,Iconic Seattle-based coffeehouse chain,Open ⋅ Closes 7 PM
Verve Coffee Roasters,4.4(677) · $$,2101 Market St,Modern coffeehouse with artisanal blends,Open ⋅ Closes 6 PM
Jane on Fillmore,4.2(822) · $$,2123 Fillmore St,Modern coffee shop with in-house bakery,Open ⋅ Closes 4 PM
Cafe Zoetrope,4.5(576) · $$,916 Kearny St,European-style cafe with a film theme,Open ⋅ Closes 9 PM
Urban Ritual Cafe,4.4(358) · $,488 Fell St,Craft tea & coffee shop with snacks,Open ⋅ Closes 10 PM
"La Boulangerie de San Francisco, Hayes",4.2(804) · $$,500 Hayes St,Cafe chain with American & French fare,Open ⋅ Closes 5 PM
Linea Caffe,4.5(333) · $$,3417 18th St,Snug cafe offering organic coffees,Open ⋅ Closes 2 PM
El Cafetazo,4.0(121) · $,3087 16th St,Coffee shop & juice bar,Open ⋅ Closes 3 PM
Higher Grounds Coffee House,4.6(274) · $$,691 Chenery St,Chill cafe with a neighborhood vibe,Open ⋅ Closes 3 PM
Bernie's,4.6(190) · $,3966 24th St,Coffee & pastries in Victorian building,Open ⋅ Closes 2 PM
name,rating,address,description,openclose
Capital One Café,4.3(193) · $,101 Post St,Modern coffeehouse with free WiFi,Open ⋅ Closes 6 PM
Linea Caffe,4.5(333) · $$,3417 18th St,Snug cafe offering organic coffees,Open ⋅ Closes 2 PM
Saint Frank Coffee,"4.5(1,059) · $$",2340 Polk St,Bright & spacious local coffeehouse,Open ⋅ Closes 6 PM
The Coffee Movement,4.8(732) · $,1030 Washington St,"Snug, minimalist cafe for artisan brews",Open ⋅ Closes 4 PM
Caffe Trieste,"4.5(1,327) · $",601 Vallejo St.,Historic spot for coffee & live music,Open ⋅ Closes 10 PM
Home Coffee Roasters,4.7(344) · $,455 Grant Ave,Open ⋅ Closes 4 PM,
Mazarine Coffee,"4.5(1,514) · $$",720 Market St,Stylish cafe for espresso & light bites,Open ⋅ Closes 3 PM
Coffee Bar Montgomery,4.5(114) · $,101 Montgomery St,Locally roasted coffee & cafe fare,Closed ⋅ Opens 7 AM Mon
Bluestone Lane Union Square Coffee Shop,4.2(348) · $$,685 Market St,Airy spot for coffee & all-day eats,Open ⋅ Closes 2 PM
Red Bay Coffee Ferry Building,4.0(174),"1, Ferry Building, Shop 43",Open ⋅ Closes 6 PM,
Cafe Francisco,4.4(443) · $,2161 Powell St,Mediterranean & American eats plus art,Open ⋅ Closes 3 PM
Blue Bottle Coffee,4.3(694) · $$,"1 Ferry Building, 7",Hip cafe for gourmet coffee & pastries,Open ⋅ Closes 6:30 PM
Wrecking Ball Coffee Roasters,4.4(511) · $$,2271 Union St,House-roasted coffee blends & pastries,Open ⋅ Closes 2 PM
Philz Coffee,"4.5(1,226) · $$",1 Front St #100,Custom-blended java in a casual setting,Open ⋅ Closes 5 PM
Philz Coffee,4.6(874) · $$,300 Folsom St,Custom-blended java in a casual setting,Open ⋅ Closes 5 PM
Blue Bottle Coffee,"4.5(1,171) · $$",115 Sansome St,Hip cafe for gourmet pastries & coffee,Open ⋅ Closes 5 PM
Philz Coffee,"4.5(1,134) · $$",5 Embarcadero Ctr,Custom-blended java in a casual setting,Open ⋅ Closes 6 PM
Sightglass Coffee,"4.5(2,844) · $$",270 7th St,Espresso drinks & coffee roasted on-site,Open ⋅ Closes 5 PM
Bluestone Lane Theatre District Coffee Shop,4.1(107) · $$,562 Sutter St,Open ⋅ Closes 2 PM,
HITW Coffee,4.7(198) · $,524 Union St,Closed ⋅ Opens 9 AM Sat,
Goody Cafe,4.4(76),"Landmark Building C, 2 Marina Blvd",Open ⋅ Closes 5 PM,
Graffeo Coffee Roasting Co.,4.7(69),735 Columbus Ave,Coffeehouse with signature roasts,Open ⋅ Closes 5 PM
Compton’s Coffee House,4.8(166),1910 Fillmore St,Open ⋅ Closes 5 PM,
Another Cafe,4.4(456) · $,1191 Pine St,Airy spot for coffee & panini sandwiches,Open ⋅ Closes 8 PM
Caffe Capriccio,4.6(235) · $,2200 Mason St,Relaxed spot for sandwiches & salads,Open ⋅ Closes 4 PM
Coffee Bar-Kearny,5.0(19),433 Kearny St,Casual cafe with carefully sourced beans,Closed ⋅ Opens 7 AM Mon
Sextant Coffee Roasters,4.5(600) · $$,1415 Folsom St,Coffeehouse with exposed brick & beams,Open ⋅ Closes 4 PM
BeanStalk Cafe,4.5(591) · $,724 Bush St,Intimate spot for coffee & global bites,Open ⋅ Closes 2:30 PM
Iron Horse Coffee Shop,4.5(109) · $,25 Maiden Ln,"Snug, modern coffee shop",Open ⋅ Closes 2:30 PM
Blue Bottle Coffee,4.3(198) · $$,199 Sutter St,Hip cafe for gourmet coffee & pastries,Open ⋅ Closes 5:30 PM
Bluestone Lane Front Street Coffee Shop,4.3(134) · $$,227 Front St,Open ⋅ Closes 3 PM,
Scullery,4.7(348) · $,687 Geary St,"Tiny, artsy cafe for coffee & pastries",Open ⋅ Closes 2 PM
Beacon Coffee & Pantry,4.3(403) · $$,805 Columbus Ave,Artisanal coffee shop & specialty market,Open ⋅ Closes 2 PM
Müesi Cafe,4.5(123),2055 Union St Suite B,Open ⋅ Closes 5:30 PM,
Royal Ground Coffee,4.5(225) · $,2216 Polk St,Coffee shop with beer & snacks,Open ⋅ Closes 6 PM
Bluestone Lane SOMA Coffee Shop,4.3(79) · $$,55 2nd St,Open ⋅ Closes 3 PM,
Cup A Joe Coffeehouse,4.3(353) · $,896 Sutter St,Laid-back neighborhood coffee shop,Open ⋅ Closes 7 PM
Ritual Coffee Roasters,4.5(457) · $$,432b Octavia St,Coffeehouse using small-farm beans,Open ⋅ Closes 6 PM
Starbucks,3.7(769) · $$,499 Bay St,Iconic Seattle-based coffeehouse chain,Open ⋅ Closes 6 PM
Biscoff Coffee Corner,4.3(729) · $$,213 Pier 39,Snug cafe with pastries & smoothies,Open ⋅ Closes 10 PM
Coffee Bodega Farm-to-Table,4.7(215),1 California St,Open ⋅ Closes 4 PM,
Réveille Coffee Co.,4.3(741) · $$,200 Columbus Ave,Modern cafe with New American fare,Open ⋅ Closes 4 PM
Peet's Coffee,4.2(710) · $,773 Market St,Coffeehouse chain also known for its tea,Open ⋅ Closes 7 PM
Souvenir Coffee,4.7(66),1415 Larkin St,Open ⋅ Closes 4 PM,
Blue Bottle Coffee,4.5(694) · $$,2 S Park St,Hip cafe for gourmet coffee & pastries,Open ⋅ Closes 5 PM
Starbucks,4.1(457) · $$,565 Clay St,Iconic Seattle-based coffeehouse chain,Open ⋅ Closes 5:30 PM
Cafe Bean,4.3(102) · $,800 Sutter St,Cozy spot for espresso & light fare,Open ⋅ Closes 5 PM
Equator Coffees,4.4(348) · $$,2 Marina Blvd,"Hip spot for coffee, tea & light eats",Open ⋅ Closes 5 PM
Jane on Larkin,4.4(632) · $$,925 Larkin St,"Hip cafe with sandwiches, coffee & more",Open ⋅ Closes 4 PM
Blue Bottle Coffee,4.6(803) · $$,315 Linden St,Hip cafe for gourmet coffee & pastries,Open ⋅ Closes 7 PM
Four Barrel Coffee,"4.5(2,392) · $$",375 Valencia St,Sophisticated drip coffee drinks & more,Open ⋅ Closes 5 PM
Moka Coffee,4.0(142) · $,1605 Polk St,Local coffeehouse with pastries & WiFi,Open ⋅ Closes 3 PM
Jackson Place Café,4.6(75) · $,633 Battery St,Breakfast & lunch kiosk with a courtyard,Closed ⋅ Opens 8:30 AM Tue
The Mill,"4.5(1,771) · $$",736 Divisadero St,Airy coffee shop with breads & pastries,Open ⋅ Closes 5 PM
Peet's Coffee,4.2(225) · $,160 Jefferson St,Coffeehouse chain also known for its tea,Open ⋅ Closes 9 PM
Mymy,"4.5(1,615) · $$",1500 California St,Bright corner spot for big breakfasts,Open ⋅ Closes 2 PM
Foghorn Coffee,3.6(33),900 North Point St Suite E204B,Open ⋅ Closes 7 PM,
Philz Coffee,4.4(616) · $$,399 Golden Gate Ave,Custom-blended java in a casual setting,Open ⋅ Closes 5 PM
Cafe Réveille,4.1(161),1998 Polk St,Open ⋅ Closes 7:30 PM,
Verve Coffee Roasters,4.4(677) · $$,2101 Market St,Modern coffeehouse with artisanal blends,Open ⋅ Closes 6 PM
Peet's Coffee,4.2(153) · $,595 Market St Suite 143,Coffeehouse chain also known for its tea,Open ⋅ Closes 4 PM
Starbucks,4.0(438) · $$,1560 Van Ness Ave,Iconic Seattle-based coffeehouse chain,Open ⋅ Closes 5:30 PM
Rise & Grind Coffee and Tea,4.5(373) · $,785 8th Ave,"Modern cafe for coffee, tea & pastries",Open ⋅ Closes 5 PM
CoffeeShop,4.8(141),2761 21st St,"Espresso, tea, pastries & sidewalk seats",Open ⋅ Closes 5 PM
Flywheel Coffee Roasters,4.5(957),672 Stanyan St,Minimalist spot for hand-roasted java,Open ⋅ Closes 6 PM
Pinhole Coffee,4.7(482) · $$,231 Cortland Ave,Storefront coffeehouse with pastry,Open ⋅ Closes 5:30 PM
First Cup Café,4.4(51),2911 Van Ness Ave,Open ⋅ Closes 4 PM,
Latte Express,4.5(66),434 Beach St,Open ⋅ Closes 4 PM,
Lady Falcon Coffee Club,4.3(88),Park,Vintage coffee truck for espresso drinks,Open ⋅ Closes 4 PM
Fiddle Fig Cafe & Coffee,4.8(243) · $$,790 Lombard St,Open ⋅ Closes 4 PM,
Linea Caffe,4.5(333) · $$,3417 18th St,Snug cafe offering organic coffees,Open ⋅ Closes 2 PM
Starbucks,4.2(190) · $$,425 Battery St,Iconic Seattle-based coffeehouse chain,Open ⋅ Closes 5 PM
Mercury Cafe,4.3(313) · $$,201 Octavia St,Light-filled space with an organic menu,Open ⋅ Closes 3 PM
Abanico Coffee Roasters,4.8(141) · $,2121 Mission St,Easygoing cafe for Latin American drinks,Open ⋅ Closes 4 PM
CoffeeShop,4.7(233) · $,3139 Mission St,Locally roasted beans & sweet treats,Open ⋅ Closes 4 PM
Joy's Place,4.3(393) · $,611 Post St,Cozy coffee shop with Asian desserts,Open ⋅ Closes 8 PM
Souvenir Coffee,4.7(70),262 Divisadero St,Open ⋅ Closes 5 PM,
CoffeeSmith,4.8(39),401 Golden Gate Ave,Open ⋅ Closes 2:30 PM,
Capital One Café,4.3(193) · $,101 Post St,Modern coffeehouse with free WiFi,Open ⋅ Closes 6 PM
Blue Bottle Coffee,4.5(261) · $$,168 2nd St,Hip cafe chain for coffee & pastries,Open ⋅ Closes 5 PM
Blue Bottle Coffee,4.3(199) · $$,705 Market St,Hip cafe for gourmet coffee & pastries,Open ⋅ Closes 5 PM
Starbucks,4.2(207) · $$,580 California St #150,Iconic Seattle-based coffeehouse chain,Open ⋅ Closes 5:30 PM
CoffeeShop,4.8(141),2761 21st St,"Espresso, tea, pastries & sidewalk seats",Open ⋅ Closes 5 PM
Rise & Grind Coffee and Tea,4.5(373) · $,785 8th Ave,"Modern cafe for coffee, tea & pastries",Open ⋅ Closes 5 PM
Flywheel Coffee Roasters,4.5(957),672 Stanyan St,Minimalist spot for hand-roasted java,Open ⋅ Closes 6 PM
Blue Bottle Coffee,4.3(199) · $$,705 Market St,Hip cafe for gourmet coffee & pastries,Open ⋅ Closes 5 PM
Andytown Coffee Roasters,4.6(191) · $$,"Rooftop, 181 Fremont Street, Park Level, Fremont St",Open ⋅ Closes 4 PM,
Blue Bottle Coffee,4.7(11) · $$,250 Howard St Suite 3A,Hip cafe for gourmet coffee & pastries,Open ⋅ Closes 3:30 PM
Starbucks,4.2(356) · $$,201 Spear St,Iconic Seattle-based coffeehouse chain,Open ⋅ Closes 5 PM
Hyatt Coffee Bar,3.7(32),345 Stockton St,Modern hotel lobby cafe with free Wi-Fi,Closes soon ⋅ 1 PM ⋅ Opens 6:30 AM Sat
Starbucks,4.2(207) · $$,580 California St #150,Iconic Seattle-based coffeehouse chain,Open ⋅ Closes 5:30 PM
Souvenir Coffee,4.7(70),262 Divisadero St,Open ⋅ Closes 5 PM,
Starbucks,4.0(346) · $$,2165 Polk St,Iconic Seattle-based coffeehouse chain,Open ⋅ Closes 7 PM
Linea Caffe,4.5(333) · $$,3417 18th St,Snug cafe offering organic coffees,Open ⋅ Closes 2 PM
Latte Express,4.5(66),434 Beach St,Open ⋅ Closes 4 PM,
Peet's Coffee,3.8(24) · $,155 Montgomery St #161,Coffeehouse chain also known for its tea,Open ⋅ Closes 5 PM
Abanico Coffee Roasters,4.8(141) · $,2121 Mission St,Easygoing cafe for Latin American drinks,Open ⋅ Closes 4 PM
Mercury Cafe,4.3(313) · $$,201 Octavia St,Light-filled space with an organic menu,Open ⋅ Closes 3 PM
Philz Coffee,"4.6(1,361) · $$",3101 24th St,Custom-blended java in a casual setting,Open ⋅ Closes 5 PM
CoffeeShop,4.7(233) · $,3139 Mission St,Locally roasted beans & sweet treats,Open ⋅ Closes 4 PM
Philz Coffee,4.5(918) · $$,201 Berry St,Custom-blended java in a casual setting,Open ⋅ Closes 5 PM
Pat's Cafe,"4.5(1,324) · $$",2330 Taylor St,American eatery with a laid-back brunch,Open ⋅ Closes 2 PM
Starbucks,3.8(243) · $$,359 Grant Ave,Iconic Seattle-based coffeehouse chain,Open ⋅ Closes 6:30 PM
Starbucks,3.8(255) · $$,780 Market St,Iconic Seattle-based coffeehouse chain,Open ⋅ Closes 7 PM
Unexpected Era Café,4.8(42),614 Polk St,Open ⋅ Closes 2:30 PM,
Vip Coffee & Cake Shop,3.8(161) · $,671 Broadway,Asian pastries & snacks in relaxed digs,Open ⋅ Closes 6 PM
Hideaway Cafe,4.7(183),850 Jones St,Open ⋅ Closes 2 PM,
Higher Grounds Coffee House,4.6(274) · $$,691 Chenery St,Chill cafe with a neighborhood vibe,Open ⋅ Closes 3 PM
Philz Coffee,4.6(519) · $$,1775 17th St,Custom-blended java in a casual setting,Open ⋅ Closes 4:30 PM
Piccino Coffee Bar & Bakery,4.4(139),845 22nd St,Open ⋅ Closes 5:30 PM,
Martha & Brothers Coffee Company,4.5(297) · $,3868 24th St,Low-key stop for coffee & baked goods,Open ⋅ Closes 7:30 PM
Telescope Coffee,4.8(134),345 6th St,Casual hub for treats & creative coffees,Open ⋅ Closes 4 PM
Cumaica  Artesanos del Cafe,4.4(277) · $,1398 Mission St,Caffeine cafe with creative drinks,Open ⋅ Closes 2 PM
Ritual Coffee Roasters,4.4(442) · $$,1300 Haight St,Coffeehouse using small-farm beans,Open ⋅ Closes 6 PM
Jane on Fillmore,4.2(822) · $$,2123 Fillmore St,Modern coffee shop with in-house bakery,Open ⋅ Closes 4 PM
name,rating,address,description,openclose
Saint Frank Coffee,"4.5(1,059) · $$",2340 Polk St,Bright & spacious local coffeehouse,Open ⋅ Closes 6 PM · (415) 881-8062
Cafe Francisco,4.4(443) · $,2161 Powell St,Mediterranean & American eats plus art,Open ⋅ Closes 3 PM · (415) 397-2602
Home Coffee Roasters,4.7(344) · $,455 Grant Ave,Open ⋅ Closes 4 PM,
Graffeo Coffee Roasting Co.,4.7(69),735 Columbus Ave,Coffeehouse with signature roasts,Open ⋅ Closes 5 PM · (800) 222-6250
Caffe Trieste,"4.5(1,327) · $",601 Vallejo St.,Historic spot for coffee & live music,Open ⋅ Closes 10 PM · (415) 392-6739
The Coffee Movement,4.8(732) · $,1030 Washington St,"Snug, minimalist cafe for artisan brews",Open ⋅ Closes 4 PM · (415) 237-3375
Caffe Greco,"4.5(1,191) · $$",423 Columbus Ave,Espresso drinks & Italian sweets,Open ⋅ Closes 12 AM · (415) 397-6261
San Francisco Coffee Company,4.7(12),70 13th St,Open ⋅ Closes 5 PM · (415) 626-7956,
Sextant Coffee Roasters,4.5(600) · $$,1415 Folsom St,Coffeehouse with exposed brick & beams,Open ⋅ Closes 4 PM · (415) 355-1415
Beacon Coffee & Pantry,4.3(403) · $$,805 Columbus Ave,Artisanal coffee shop & specialty market,Open ⋅ Closes 2 PM · (415) 814-2551
Gallery Cafe,4.6(257) · $,1200 Mason St,Temporarily closed · (415) 296-9932,
Caffe Capriccio,4.6(235) · $,2200 Mason St,Relaxed spot for sandwiches & salads,Open ⋅ Closes 4 PM
Grand Coffee,4.7(159) · $,2663 Mission St,"Locally sourced coffee, tea & pastries",Open ⋅ Closes 5 PM
Sightglass Coffee,"4.5(2,844) · $$",270 7th St,Espresso drinks & coffee roasted on-site,Open ⋅ Closes 5 PM · (415) 861-1313
Red Bay Coffee Ferry Building,4.0(174),"1, Ferry Building, Shop 43",Open ⋅ Closes 6 PM,
Biscoff Coffee Corner,4.3(729) · $$,213 Pier 39,Snug cafe with pastries & smoothies,Open ⋅ Closes 10 PM · (415) 393-9554
Mazarine Coffee,"4.5(1,514) · $$",720 Market St,Stylish cafe for espresso & light bites,Open ⋅ Closes 3 PM
Foghorn Coffee,3.6(33),900 North Point St Suite E204B,Open ⋅ Closes 7 PM · (650) 776-6205,
Cafe Franco,4.8(45),240 Funston Rd,Open ⋅ Closes 3 PM · (415) 771-2268,
Goody Cafe,4.4(76),"Landmark Building C, 2 Marina Blvd",Open ⋅ Closes 5 PM,
Wrecking Ball Coffee Roasters,4.4(511) · $$,2271 Union St,House-roasted coffee blends & pastries,Open ⋅ Closes 2 PM · (415) 638-9227
Philz Coffee,"4.5(1,226) · $$",1 Front St #100,Custom-blended java in a casual setting,Open ⋅ Closes 5 PM · (415) 568-2535
Rise & Grind Coffee and Tea,4.5(373) · $,785 8th Ave,"Modern cafe for coffee, tea & pastries",Open ⋅ Closes 5 PM · (415) 780-1579
Compton’s Coffee House,4.8(166),1910 Fillmore St,Open ⋅ Closes 5 PM · (415) 416-6173,
Fueling Station Cafe,4.6(213) · $,2436 Polk St,"Cafe for banh mi, waffles & coffee",Open ⋅ Closes 5 PM · (415) 757-0464
Starbucks,3.7(769) · $$,499 Bay St,Iconic Seattle-based coffeehouse chain,Open ⋅ Closes 6 PM · (415) 409-1847
Ritual Coffee Roasters,4.5(457) · $$,432b Octavia St,Coffeehouse using small-farm beans,Open ⋅ Closes 6 PM · (415) 865-0989
CoffeeSmith,4.8(39),401 Golden Gate Ave,Open ⋅ Closes 2:30 PM · (415) 730-9496,
Lady Falcon Coffee Club,4.3(88),Park,Vintage coffee truck for espresso drinks,Open ⋅ Closes 4 PM · (415) 347-7507
Bluestone Lane Union Square Coffee Shop,4.2(348) · $$,685 Market St,Airy spot for coffee & all-day eats,Open ⋅ Closes 2 PM · (718) 374-6858
First Cup Café,4.4(51),2911 Van Ness Ave,Open ⋅ Closes 4 PM · (415) 922-2054,
HITW Coffee,4.7(198) · $,524 Union St,Closed ⋅ Opens 9 AM Sat · (415) 810-2092,
Philz Coffee,4.4(616) · $$,399 Golden Gate Ave,Custom-blended java in a casual setting,Open ⋅ Closes 5 PM · (415) 621-7000
Abanico Coffee Roasters,4.8(141) · $,2121 Mission St,Easygoing cafe for Latin American drinks,Open ⋅ Closes 4 PM · (415) 896-4678
Royal Ground Coffee,4.5(225) · $,2216 Polk St,Coffee shop with beer & snacks,Open ⋅ Closes 6 PM
Blue Bottle Coffee,"4.5(1,171) · $$",115 Sansome St,Hip cafe for gourmet pastries & coffee,Open ⋅ Closes 5 PM · (510) 653-3394
CoffeeShop,4.7(233) · $,3139 Mission St,Locally roasted beans & sweet treats,Open ⋅ Closes 4 PM · (415) 368-3802
Blue Bottle Coffee,4.6(803) · $$,315 Linden St,Hip cafe for gourmet coffee & pastries,Open ⋅ Closes 7 PM · (510) 653-3394
Farley's Coffeehouse,4.6(568) · $,1315 18th St,Contemporary cafe for baked fare & lunch,Open ⋅ Closes 6 PM · (415) 648-1545
Sightglass Coffee,4.4(475) · $$,301 Divisadero St,Espresso drinks & coffee roasted on-site,Open ⋅ Closes 5 PM · (415) 522-0112
Four Barrel Coffee,"4.5(2,392) · $$",375 Valencia St,Sophisticated drip coffee drinks & more,Open ⋅ Closes 5 PM · (415) 896-4289
Pat's Cafe,"4.5(1,324) · $$",2330 Taylor St,American eatery with a laid-back brunch,Open ⋅ Closes 2 PM · (415) 776-8735
Muddy Waters Coffee House,4.1(292) · $,521 Valencia St,No-frills coffee shop,Open ⋅ Closes 3 PM · (415) 863-8006
Bluestone Lane Theatre District Coffee Shop,4.1(107) · $$,562 Sutter St,Open ⋅ Closes 2 PM · (718) 374-6858,
Blue Bottle Coffee,4.3(198) · $$,199 Sutter St,Hip cafe for gourmet coffee & pastries,Open ⋅ Closes 5:30 PM · (510) 653-3394
SPRO - Mission Dolores Castro,4.7(251),500 Church St,Minimalist cafe brewing craft coffee,Open ⋅ Closes 5 PM · (415) 828-3106
Linea Caffe,4.5(333) · $$,3417 18th St,Snug cafe offering organic coffees,Open ⋅ Closes 2 PM · (415) 590-3011
Home Coffee Roasters,4.6(553) · $$,1222 Noriega St,Modern space for creative lattes & toast,Open ⋅ Closes 4 PM · (415) 683-5943
Peet's Coffee,4.2(225) · $,160 Jefferson St,Coffeehouse chain also known for its tea,Open ⋅ Closes 9 PM · (415) 928-1849
The Morning Fix,4.6(68) · $,1008 Bush St,"Pit stop for coffee, bagels & sandwiches",Open ⋅ Closes 2 PM · (415) 875-9598
Red Bay Coffee,No reviews,650 California St,Temporarily closed,
Souvenir Coffee,4.7(70),262 Divisadero St,Open ⋅ Closes 5 PM · (415) 796-3259,
Stanza Coffee Bar,4.2(204) · $,1673 Haight St,Upbeat nook serving espresso & pastries,Open ⋅ Closes 3 PM · (415) 529-1592
BeanStalk Cafe,4.5(591) · $,724 Bush St,Intimate spot for coffee & global bites,Open ⋅ Closes 2:30 PM · (415) 576-1966
Cafe Cafe San Francisco Coffee Company,No reviews,388 9th St,Open ⋅ Closes 2 PM,
Starbucks,3.8(30) · $$,555 California Street B of A,Iconic Seattle-based coffeehouse chain,Open ⋅ Closes 3:30 PM · (415) 788-8670
Matching Half,4.5(380) · $$,1799 McAllister St,Arty coffee shop with light fare,Open ⋅ Closes 3 PM · (415) 674-8699
Fillmore Street Cafe,4.2(153) · $,1301 Fillmore St,Casual cafe for deli sandwiches & salads,Open ⋅ Closes 9 PM · (415) 749-0987
Hollywood Cafe,"4.5(2,153) · $$",530 North Point St,Cinema-themed cafe,Open ⋅ Closes 2 PM · (415) 563-3779
Cafe International,4.5(404) · $,508 Haight St,Hybrid coffeehouse & live music hangout,Open ⋅ Closes 4:30 PM · (415) 552-7390
Müesi Cafe,4.5(123),2055 Union St Suite B,Open ⋅ Closes 5:30 PM · (415) 875-9631,
BeanStalk Cafe,4.5(591) · $,724 Bush St,Intimate spot for coffee & global bites,Open ⋅ Closes 2:30 PM · (415) 576-1966
Starbucks,3.8(30) · $$,555 California Street B of A,Iconic Seattle-based coffeehouse chain,Open ⋅ Closes 3:30 PM · (415) 788-8670
Capital One Café,4.3(193) · $,101 Post St,Modern coffeehouse with free WiFi,Open ⋅ Closes 6 PM · (415) 248-4920
SPRO - Mission Dolores Castro,4.7(251),500 Church St,Minimalist cafe brewing craft coffee,Open ⋅ Closes 5 PM · (415) 828-3106
Linea Caffe,4.5(333) · $$,3417 18th St,Snug cafe offering organic coffees,Open ⋅ Closes 2 PM · (415) 590-3011
Peet's Coffee,4.2(225) · $,160 Jefferson St,Coffeehouse chain also known for its tea,Open ⋅ Closes 9 PM · (415) 928-1849
Panini Coffee Patries,No reviews,43 O'Farrell St,Open ⋅ Closes 4 PM,
Souvenir Coffee,4.7(70),262 Divisadero St,Open ⋅ Closes 5 PM · (415) 796-3259,
Cafe Le,4.7(69),2895 Van Ness Ave,Open ⋅ Closes 2:30 PM · (415) 771-6353,
Another Cafe,4.4(456) · $,1191 Pine St,Airy spot for coffee & panini sandwiches,Open ⋅ Closes 8 PM · (415) 857-5770
Hyatt Coffee Bar,3.7(32),345 Stockton St,Modern hotel lobby cafe with free Wi-Fi,Closes soon ⋅ 1 PM ⋅ Opens 6:30 AM Sat · (415) 398-1234
Peet's Coffee,4.3(189) · $,2139 C Polk St,Coffeehouse chain also known for its tea,Open ⋅ Closes 6 PM · (415) 474-1871
Blue Bottle Coffee,4.5(261) · $$,168 2nd St,Hip cafe chain for coffee & pastries,Open ⋅ Closes 5 PM · (510) 653-3394
SPRO - Mission Bay SOMA,4.7(265) · $$,601 Mission Bay Boulevard North,Outdoor stop for coffee drinks & eats,Open ⋅ Closes 4 PM · (415) 971-7908
Cafe International,4.5(404) · $,508 Haight St,Hybrid coffeehouse & live music hangout,Open ⋅ Closes 4:30 PM · (415) 552-7390
Fillmore Street Cafe,4.2(153) · $,1301 Fillmore St,Casual cafe for deli sandwiches & salads,Open ⋅ Closes 9 PM · (415) 749-0987
Pat's Cafe,"4.5(1,324) · $$",2330 Taylor St,American eatery with a laid-back brunch,Open ⋅ Closes 2 PM · (415) 776-8735
Peet's Coffee,4.2(710) · $,773 Market St,Coffeehouse chain also known for its tea,Open ⋅ Closes 7 PM · (415) 530-2559
Enter The Cafe,4.4(106) · $,1401 Powell St,Bright corner coffee shop with ice cream,Open ⋅ Closes 7 PM · (415) 829-7918
Peet's Coffee,4.2(153) · $,595 Market St Suite 143,Coffeehouse chain also known for its tea,Open ⋅ Closes 4 PM · (415) 655-2640
Iron Horse Coffee Shop,4.5(109) · $,25 Maiden Ln,"Snug, modern coffee shop",Open ⋅ Closes 2:30 PM · (415) 404-2877
Starbucks,3.9(509) · $$,390 Stockton St,Iconic Seattle-based coffeehouse chain,Open ⋅ Closes 8 PM · (415) 989-1637
Mymy,"4.5(1,615) · $$",1500 California St,Bright corner spot for big breakfasts,Open ⋅ Closes 2 PM · (415) 800-7466
Blue Bottle Coffee,4.4(553) · $$,2453 Fillmore St,Hip cafe for gourmet coffee & pastries,Open ⋅ Closes 7 PM · (510) 653-3394
Souvenir Coffee,4.7(66),1415 Larkin St,Open ⋅ Closes 4 PM · (415) 814-2776,
Starbucks,4.2(190) · $$,425 Battery St,Iconic Seattle-based coffeehouse chain,Open ⋅ Closes 5 PM · (415) 445-9030
Blue Bottle Coffee,4.3(199) · $$,705 Market St,Hip cafe for gourmet coffee & pastries,Open ⋅ Closes 5 PM · (510) 653-3394
Cafe Encore,4.2(141) · $$,488 Post St,Open ⋅ Closes 7 PM · (415) 433-6549,
Flywheel Coffee Roasters,4.5(957),672 Stanyan St,Minimalist spot for hand-roasted java,Open ⋅ Closes 6 PM · (415) 682-4023
Réveille Coffee Co.,3.8(4),768 Sansome St,Temporarily closed · (415) 786-6258,
Cup A Joe Coffeehouse,4.3(353) · $,896 Sutter St,Laid-back neighborhood coffee shop,Open ⋅ Closes 7 PM · (415) 563-7745
Bluestone Lane SOMA Coffee Shop,4.3(79) · $$,55 2nd St,Open ⋅ Closes 3 PM · (718) 374-6858,
Peet's Coffee,3.8(24) · $,155 Montgomery St #161,Coffeehouse chain also known for its tea,Open ⋅ Closes 5 PM · (415) 576-8810
Starbucks,4.1(442) · $$,49 Jefferson St P,Iconic Seattle-based coffeehouse chain,Open ⋅ Closes 7 PM · (415) 788-0173
Verve Coffee Roasters,4.4(677) · $$,2101 Market St,Modern coffeehouse with artisanal blends,Open ⋅ Closes 6 PM · (415) 780-0867
Starbucks,4.1(457) · $$,565 Clay St,Iconic Seattle-based coffeehouse chain,Open ⋅ Closes 5:30 PM · (415) 834-0578
Coffee Bar-Kearny,5.0(19),433 Kearny St,Casual cafe with carefully sourced beans,Closed ⋅ Opens 7 AM Mon
Milk-SF,4.7(76),302 Valencia St,Open ⋅ Closes 5 PM,
Peet's Coffee,4.3(146) · $,"Two Embarcadero Center, Front Street Suite R2113",Coffeehouse chain also known for its tea,Open ⋅ Closes 5 PM · (415) 869-1744
Alfred at the LINE SF,4.2(17),33 Turk St,Closes soon ⋅ 1:30 PM ⋅ Opens 7 AM Sat,
Philz Coffee,"4.6(1,361) · $$",3101 24th St,Custom-blended java in a casual setting,Open ⋅ Closes 5 PM · (415) 875-9370
Latte Express,4.5(66),434 Beach St,Open ⋅ Closes 4 PM · (415) 775-4293,
Cafe Isabella,4.6(190) · $,1414 Taylor St,Cozy coffee shop & breakfast spot,Open ⋅ Closes 3 PM · (415) 378-3241
Bluestone Lane Front Street Coffee Shop,4.3(134) · $$,227 Front St,Open ⋅ Closes 3 PM · (718) 374-6858,
Caffe Central,4.3(651) · $$,133 O'Farrell St,Gourmet roasts in a cool coffee shop,Open ⋅ Closes 6 PM · (415) 374-2000
Starbucks,4.2(207) · $$,580 California St #150,Iconic Seattle-based coffeehouse chain,Open ⋅ Closes 5:30 PM · (415) 792-2732
Equator Coffees,4.4(348) · $$,2 Marina Blvd,"Hip spot for coffee, tea & light eats",Open ⋅ Closes 5 PM · (415) 720-1461
Starbucks,4.0(346) · $$,2165 Polk St,Iconic Seattle-based coffeehouse chain,Open ⋅ Closes 7 PM · (415) 921-1351
Starbucks,3.8(243) · $$,359 Grant Ave,Iconic Seattle-based coffeehouse chain,Open ⋅ Closes 6:30 PM · (415) 392-2365
Snowbird Coffee,4.5(465) · $$,1352 9th Ave A,Closes soon ⋅ 1 PM ⋅ Opens 8 AM Sat,
